observationId,predictions
4100099350,197 1269 377 349 2384 163 202 1314 271 274
4100096393,1624 1549 1555 1213 608 631 1626 1622 1026 1302
4100103428,313 1277 2408 1284 1354 1656 1286 142 1290 414
4100096438,259 254 250 38 1858 126 1028 1554 326 40
4100102708,929 1606 1909 107 2287 2124 914 1267 847 285
4100103826,1398 613 1162 2091 99 1439 373 2409 1320 1693
4100096876,1076 1075 1906 1432 1912 2351 2182 1428 1910 1913
4100104007,679 1803 384 226 2148 676 694 1297 691 2257
4100100146,1697 1796 1700 612 198 682 663 687 2403 640
4100104174,578 1696 1738 65 1508 62 671 681 663 1744
4847334709,1468 1263 2310 2317 10 300 194 883 744 1979
4100100236,1322 721 1695 1331 1418 2397 2161 887 1706 197
4100097236,682 1508 1744 663 1796 1700 578 612 62 687
4100107315,360 2377 944 666 390 2379 59 888 75 2149
4100111460,1508 663 682 640 1738 1796 687 612 846 1918
4169760342,1837 1426 31 623 1174 624 253 1427 599 1857
4100111660,1598 179 2316 69 2315 916 1853 2218 1663 1487
4100110833,859 1517 1226 860 1229 1520 166 167 1230 2240
4100110887,1173 1172 372 2155 214 2355 1380 1486 1659 665
4169759408,2398 1239 1957 1792 324 2396 353 1231 717 716
4169763410,726 603 2293 928 1739 1918 1737 712 1915 671
4169757432,1512 164 1511 332 342 336 344 1921 2151 340
4169757541,576 2183 2080 707 1938 2158 1742 2123 134 1068
4169759566,2256 1001 1710 1158 1529 2222 583 594 1530 938
4169760608,854 2360 830 907 1474 995 1616 853 186 136
4169759624,647 744 2112 137 1650 978 851 660 2386 2133
4169763640,1412 2357 2380 2358 199 2238 809 1871 393 82
4169757650,2392 2361 1743 1471 2085 1882 133 2084 136 1871
4169757664,722 2083 1264 137 1746 647 219 2139 1403 308
4169759706,2 382 2089 269 1804 96 1608 979 99 688
4169757847,823 831 61 819 829 834 1770 1774 830 837
4169760898,1960 2382 1951 2099 93 2386 94 1694 1390 1465
4169758230,786 111 774 748 785 856 109 749 1387 369
4169770347,696 742 1218 2158 135 700 134 196 1695 820
4169765508,789 779 756 765 759 796 774 769 776 800
4169770608,2000 2002 2003 2022 2012 2008 2013 2018 2011 2021
4465860441,1119 1112 1138 1129 2282 1117 1110 1121 2275 1124
4465860473,2359 2358 2356 136 1938 1274 812 1933 1883 2372
4465860505,182 716 1653 2240 1787 164 1922 332 1515 859
4465860565,781 775 792 772 794 769 759 764 796 763
4465860584,306 2058 1932 1931 2063 2056 125 2291 437 2057
4465860721,1851 1153 1850 1849 1848 1152 1110 1134 1136 1145
4465860865,1618 1230 2388 1518 1258 1984 1520 1519 860 1680
4465860866,1618 1230 1518 2388 1519 1520 1984 1258 1229 860
4465860933,2057 2062 2063 2064 2056 2058 2059 306 2061 2060
4465860965,2078 2085 1947 1940 1934 1009 135 2084 133 1944
4465861007,524 540 487 161 543 507 475 461 510 558
4465861206,1296 932 1941 934 1776 832 61 2392 1882 931
4465875461,1736 2119 1693 685 1491 9 96 1243 1691 1267
4465875554,187 383 186 598 1679 2079 95 2082 730 576
4465875645,1511 669 1591 1601 670 340 2107 1444 988 1592
4465875652,1150 1122 1133 1849 1112 1120 1115 965 1147 1138
4465875795,1346 474 1295 2282 494 2278 2281 2280 2275 2279
4465875805,936 61 930 1776 932 1613 841 834 823 829
4465876055,826 819 733 822 838 841 1769 854 836 828
4465876077,773 2275 783 790 801 787 803 774 2276 2282
4465876197,2218 1854 2224 1853 138 665 1732 2217 2400 2405
4465876263,1561 1559 2111 1560 912 2086 2187 1558 2110 1574
4465876286,61 1773 1613 936 1770 1774 932 1616 823 832
4465885365,796 787 764 797 756 753 775 763 750 768
4465885399,414 2321 415 2323 2330 2324 2329 432 1581 2327
4465885445,557 526 973 2195 963 450 563 500 975 487
4465885614,796 764 775 772 776 769 779 794 774 792
4465885772,111 795 112 582 184 1539 782 2297 1975 108
4465885850,1763 1756 1754 774 776 1761 789 1757 756 779
4465885862,2366 2363 2370 2373 1699 2361 706 2371 1885 2372
4465885883,1386 1295 1253 1389 1387 1388 1385 961 1349 1445
4465894410,2154 2253 1394 142 917 2207 88 625 191 850
4465894494,1862 1867 1078 1863 1861 1812 892 1081 1683 1689
4465894518,1540 110 992 1308 1108 2126 582 987 752 747
4465894622,1045 1050 1044 1048 1283 617 2017 791 1758 2009
4465894655,359 1561 1559 1039 2332 1558 317 2111 983 2419
4465894664,1203 2414 190 620 1766 314 2114 1038 1093 1346
4465894673,1050 1051 1045 973 961 1044 494 964 1128 1677
4465894715,47 56 58 53 49 518 1313 519 2010 1673
4465894720,177 2170 1993 215 1992 1994 1995 2416 2417 518
4465894817,2273 906 908 909 355 985 357 1930 356 2419
4465895055,356 817 1930 355 357 1441 1929 909 358 908
4465895204,45 46 48 53 52 57 56 49 2407 51
4465895287,1256 368 1389 370 1385 1386 1350 1344 1253 363
4465905471,267 871 151 268 1315 873 2410 872 2189 266
4465905714,1384 1382 1383 1653 1785 2179 1652 1304 1582 2426
4465905791,1167 1166 1168 1845 27 1973 1778 1420 1780 724
4465905797,1834 677 880 1509 1548 678 2169 2212 686 1352
4847334733,1263 1335 1645 70 1305 704 2054 1541 273 2163
4847334743,303 658 304 2306 674 1025 1835 29 1619 2113
4847334828,1918 846 2210 1737 603 274 726 1697 686 1495
4847335314,123 2206 2036 2041 2353 436 2109 128 2040 122
4100102330,1624 1548 1213 1626 372 1622 1173 1496 608 238
4100096459,1522 1526 1212 1210 1521 1527 1528 1209 1211 1525
4100103514,626 1333 641 728 1837 329 1332 1328 1265 1309
4100103536,2165 1094 918 134 1473 2143 144 2390 2081 1378
4100103558,1911 847 1423 1318 1907 1909 1309 1267 1905 1264
4100102717,360 2377 2379 2378 2380 1884 1430 98 2050 1879
4100099900,360 2379 1874 1430 1544 1374 390 2377 1367 882
4100104070,710 2092 1398 1693 1267 2403 722 2091 1318 1442
4100097057,2025 2047 1778 695 1973 929 59 1026 1325 1430
4100097093,687 1796 612 2125 1700 1744 1918 578 1379 1795
4100103068,593 595 1351 594 2259 590 592 1002 591 1001
4100104225,704 1918 1320 1316 2125 64 219 613 1737 99
4100103167,846 578 1918 1508 686 682 663 1317 143 746
4100100235,1624 1548 956 663 1555 686 1623 62 672 1700
4100104258,1508 143 1738 578 612 846 685 682 2091 1796
4100097287,726 746 2295 2293 1317 1918 846 1847 2210 114
4100107343,1739 2091 2135 1697 613 373 846 681 1508 726
4100105316,1447 1529 1594 877 2222 2217 1187 2224 619 325
4100110348,1918 687 846 603 928 1737 686 578 612 1796
4100107378,360 2377 2239 2050 1430 2379 390 1874 944 728
4100105385,2175 1400 285 391 2409 979 1162 1439 30 2137
4100105635,880 1509 2212 1548 372 2271 1834 1500 2213 678
4100105680,360 2379 1430 666 882 1679 2346 1874 2050 2093
4169757430,1065 1058 1059 259 252 599 1647 1069 1982 253
4169759479,1615 1901 1933 1900 811 1023 1882 2358 1871 2356
4169760516,2360 808 61 1939 1942 136 1935 1775 1947 2115
4169760601,827 840 838 1770 1775 937 1769 1296 844 833
4169757616,2360 1474 995 1616 808 1943 2081 830 601 1896
4169760628,2189 703 1306 701 1785 1787 939 115 1154 2179
4169757819,891 1493 890 954 953 1492 893 869 894 895
4847350462,1783 1734 1735 1731 182 2044 945 2399 1404 2070
4465865344,2143 1418 721 1094 1472 2390 887 2165 144 374
4169758276,831 1704 1774 823 829 61 843 1776 819 835
4169768390,934 1776 822 819 838 1769 936 836 826 841
4169770398,1935 2085 1947 287 1939 286 1942 2392 2158 1474
4465865452,2175 1963 1400 660 4 137 661 1318 269 70
4465865456,259 1413 254 126 1415 1626 1646 40 326 1554
4465865459,1887 1890 1870 1699 1869 2359 1897 1883 812 2370
4465865545,1047 1051 1050 546 961 1045 1194 526 1295 494
4465865601,2371 2366 2373 2370 1880 1946 2365 1871 1896 2361
4465865654,769 759 772 779 794 775 781 796 765 776
4465865826,2144 2044 2402 182 1421 1783 945 436 321 2038
4465865837,796 787 764 789 775 756 794 769 750 779
4847350463,240 2424 2134 2317 1231 2177 1335 2133 1680 167
4465865856,524 161 461 510 540 498 160 955 950 561
4465865862,1127 559 1686 552 1493 466 1125 1492 481 480
4465866158,1971 295 293 1977 1072 2232 2142 85 632 1070
4465878482,614 1011 1480 320 1292 965 362 581 892 1079
4465878504,1262 2128 1971 886 958 876 1557 1532 818 89
4465878510,759 769 764 765 772 776 775 763 789 796
4465878636,1201 1191 1193 2015 1195 525 2004 1202 2005 2332
4465878686,1057 925 1965 2300 2305 2299 2301 1104 1056 2298
4465878739,1779 2108 2262 1974 1723 1087 659 393 347 2048
4465878854,1290 1289 2408 1247 1285 313 734 1277 736 1288
4465878866,2008 2019 2020 2002 2010 2000 2021 2022 2007 2003
4465878877,1047 539 1052 451 962 548 572 463 546 535
4465878895,1563 1965 2299 176 741 1104 1057 2298 1565 1381
4465878901,2103 296 1160 1954 86 1163 1798 1156 2101 42
4465879000,1650 661 660 2089 744 269 8 2112 688 2
4465879011,831 61 832 936 834 824 819 1774 932 1776
4465879085,830 1770 837 931 831 839 832 935 1946 937
4465879164,866 1179 1175 654 277 1182 1859 1178 1176 1181
4465879184,192 195 2219 2224 280 2122 1270 862 394 1341
4465879209,1776 841 1296 936 844 934 931 1945 822 819
4465879259,796 764 756 787 779 753 789 776 775 772
4465879285,1774 933 61 832 829 932 1773 2366 1776 936
4465882333,1669 548 1675 477 2198 532 451 2195 544 447
4465882360,2129 2114 620 2153 1035 2207 886 1086 2128 1532
4465882751,1063 1065 1069 1058 1067 319 1060 260 1059 1206
4465882841,1381 741 1965 1056 2304 1563 1565 202 1564 2217
4465882915,796 756 787 764 775 789 779 765 776 800
4465882954,488 538 548 455 447 1669 450 529 547 462
4465882999,2284 2280 2283 2278 1049 459 2279 2006 515 1851
4465883025,1636 1204 2206 436 440 2261 201 1546 122 439
4465883156,796 787 756 764 750 800 753 789 775 763
4465883294,390 2381 2025 2065 76 888 1265 816 1264 331
4465890442,1385 1389 1388 1349 1969 1255 1291 23 1762 1386
4465890586,885 875 917 879 1657 897 1766 1789 2136 1602
4465890587,1294 1291 1295 468 1051 2281 1445 1668 2199 1050
4465890625,1051 1050 1047 969 1045 1199 570 494 1044 572
4465890641,1051 570 1295 1199 1050 474 494 546 1668 2278
4465890823,2418 797 1757 763 369 761 1389 1752 776 766
4465901378,773 783 787 2282 790 803 2276 801 2275 758
4465901494,1389 1385 1388 1255 1184 801 1387 797 1760 1349
4465901626,1449 2042 766 793 1457 1079 802 1759 1865 1463
4465901697,1672 533 459 234 229 1670 457 556 1667 555
4465901722,1965 741 1381 1563 1104 176 2298 898 1057 1964
4847350476,118 2125 1795 687 1379 1796 63 704 1700 1316
4465901874,2331 203 1339 723 529 2126 889 900 1359 1143
4847350497,1552 1635 639 1302 1696 2248 1549 2169 1379 686
4100096291,1623 671 956 2351 686 663 62 1795 2210 2169
4100102313,360 390 2050 1879 2381 2378 944 1367 59 1161
4100103379,1018 1016 1020 1571 577 782 2210 587 2029 1041
4100103391,2250 352 1646 250 291 2267 2168 1028 40 66
4100103468,1594 1596 1727 1597 1966 1447 2221 1958 2230 1085
4100103858,292 219 2090 2139 1334 263 1161 132 1324 1692
4100100116,1549 1028 1545 1553 1261 439 178 1556 1555 1554
4100104132,2125 1796 687 1795 578 612 671 1918 1737 1508
4100103211,98 1091 1327 2124 1739 1271 1915 1431 2050 1326
4100103271,1069 1061 1065 1060 1067 1059 2030 1064 320 616
4100107373,187 383 918 186 598 95 2205 287 1947 2079
4100105347,1803 226 2257 694 679 676 1001 384 1004 691
4100105369,196 2075 727 2412 731 742 2295 331 1321 1218
4100110426,682 1508 1796 687 612 143 1700 578 663 1697
4100110484,2028 1433 2210 1847 275 2180 668 2098 1624 641
4100111590,578 65 274 1508 1744 956 2169 1738 2125 686
4100110654,1172 1173 1659 2155 1950 654 1788 1214 866 253
4100111612,1837 1174 328 624 1414 31 1431 1427 329 653
4100107680,2388 1618 1519 1518 1680 1520 1230 1231 2134 1229
4100105664,1172 1173 2155 1214 2294 253 1176 1659 654 372
4100107718,1638 1322 1706 131 714 1418 2160 144 133 2397
4100110742,373 2092 1398 1739 710 1330 2091 1737 709 713
4100107759,1333 1271 1323 626 1332 1327 1330 1329 1692 1326
4100105866,1323 1332 1330 1333 641 1329 606 1692 626 1328
4169763341,351 2054 2163 211 2241 70 717 2177 2164 1405
4100107968,1608 303 2 2089 674 2025 76 1276 382 119
4169757369,480 1642 559 562 454 449 1137 571 481 497
4169757451,2050 1333 390 626 2090 944 1326 1324 75 263
4169763465,1432 2351 1076 1428 1300 1905 2182 1906 2393 1075
4169760487,393 1768 1779 1087 2108 129 1778 2046 2262 27
4169759478,1373 1892 1886 1376 1889 1885 1881 379 1371 601
4169757495,31 1026 1837 623 1213 1426 305 275 715 1174
4169757583,811 810 1933 1934 2082 2115 204 133 1944 1939
4169763603,1894 1877 204 379 1416 1876 1888 1941 807 2371
4169760615,1548 1624 2352 2155 2351 2350 328 1213 715 1912
4169757653,379 1897 1885 1377 1895 1378 2371 1900 2370 348
4169760659,936 1943 1776 1937 61 841 931 844 930 832
4169759675,2392 2361 286 1934 1009 287 1944 133 1947 1882
4169759727,2193 1329 1484 928 1737 1739 2135 1696 2384 681
4169757766,936 830 829 1776 61 823 841 821 822 819
4169763772,1592 1591 346 342 2107 341 2207 1444 345 1582
4169757793,1443 816 106 74 2139 1442 382 76 1264 1268
4169759880,1774 831 829 61 823 1776 832 936 932 821
4169763901,344 32 1512 1601 1511 2374 332 164 2376 1928
4169759902,2288 1414 1428 668 328 1911 2354 1215 2182 1907
4169770500,1510 1479 1209 2130 1211 1308 1212 2032 306 912
4465867375,779 772 776 759 769 764 796 775 765 789
4465867452,1119 1129 1112 1110 1117 1148 1138 1135 1150 1121
4465867481,1034 1033 581 1925 1479 1011 1558 2207 2419 316
4465867576,796 756 779 789 787 775 764 769 794 774
4465867602,157 1959 2224 2312 1270 1341 2385 2122 1501 325
4465867733,792 781 775 794 780 769 772 759 748 751
4465867753,769 759 775 764 772 776 763 765 794 796
4465867859,953 1688 955 954 868 1751 404 1492 1683 892
4465867960,2089 661 269 2306 4 1650 2 1804 382 660
4465868062,1887 1885 2370 1474 706 1870 1699 1416 2366 1890
4465868132,1998 2016 2004 2019 2011 2023 2017 1387 2005 961
4465879508,925 905 1057 2299 1564 2300 2301 2298 1056 901
4465879600,1971 818 295 1293 293 85 1665 2142 294 957
4465879605,775 759 772 781 769 764 792 794 763 765
4465879615,1771 1611 1938 829 933 1776 821 1613 936 61
4465879879,1201 1191 474 1195 542 525 570 1676 1193 1200
4465879908,1512 164 342 345 2151 1511 815 346 2425 1601
4465880036,2366 1875 2373 1885 2363 379 1896 2371 1872 1888
4465880040,821 833 1771 830 1770 829 812 931 1938 839
4465880108,2003 2000 2002 2022 2012 2018 2023 2008 2021 2011
4465880218,1669 1675 2198 544 532 483 503 2195 548 565
4465880237,511 479 497 531 490 480 489 571 463 552
4465880257,224 1413 1646 644 946 126 1982 1059 66 645
4847342630,1382 1384 1383 1653 1584 2070 240 1583 2242 2179
4465889365,442 1928 1567 2153 1930 2419 1929 817 1601 2207
4465889368,844 186 1772 836 833 1679 841 598 822 835
4465889699,1585 2413 1584 102 1583 346 1787 1591 669 116
4465889897,819 733 830 824 1475 1374 1895 732 731 823
4465889924,1327 1326 1091 2090 1334 1271 1324 1333 1330 1161
4465889940,819 822 838 826 1769 829 733 1704 61 824
4465890220,2331 723 1275 900 1125 24 529 635 889 1359
4465890253,1122 1115 1111 1133 1150 1147 1831 1116 1135 1283
4465897543,1997 1998 2024 2011 2023 1052 2017 2003 2280 2022
4465897574,1045 1050 1044 1048 1051 2017 2009 468 961 964
4465897587,245 244 1340 1093 1339 2074 1469 2051 2073 741
4465897630,2299 1057 2305 2300 2298 925 176 1036 1056 1564
4465897656,1381 649 2304 648 741 742 1965 2303 652 1056
4465897747,493 553 569 2194 550 494 520 496 1667 1050
4465909359,176 2299 1057 1104 2300 2298 1563 2305 1056 2302
4465909483,240 2177 302 297 2317 1478 2179 167 1335 860
4465909580,1463 1458 1464 1451 1819 410 802 1449 1865 401
4465909811,1297 2204 264 1505 1503 2314 1985 1097 1098 1516
4465909851,845 219 64 99 722 1316 704 681 611 685
4847342642,1700 1796 612 1379 1744 640 1508 663 1738 145
4847342651,1091 1327 1326 1334 1271 1915 2090 1330 926 1739
4847342654,746 1508 1738 143 1623 1317 846 2295 578 62
4847342656,1525 1209 2064 2056 2063 1212 1510 1526 1521 2058
4847342665,34 615 1486 1647 258 941 66 246 40 1858
4847342704,1698 1276 12 242 2262 666 2405 1780 284 2137
4100100374,2 2214 1276 2089 666 382 303 1650 12 1507
4100101375,124 128 439 438 440 2261 2035 1844 437 2041
4100101505,1486 2292 91 694 1836 127 66 631 615 1466
4100100670,1725 977 1576 1488 938 1724 1723 123 589 278
4100097909,143 578 612 1508 682 1796 1737 1744 928 639
4100101841,2244 2243 2245 1270 155 664 1073 2100 2312 280
4100101953,2406 1217 2088 2355 1660 2285 2261 884 738 437
4100101985,2169 1624 956 62 1549 663 612 686 1738 578
4100101002,1549 1545 1555 256 1352 1552 26 1509 880 1548
4100102019,1392 638 2335 30 264 1797 1495 2293 1918 708
4100098127,845 2395 219 722 137 611 2396 647 70 1661
4100102094,682 1508 612 143 578 1379 1700 1796 1744 1738
4100099205,2135 1739 2091 2295 681 726 613 578 219 2403
4100099234,274 1700 1379 2125 1744 1796 612 686 2210 578
4100101203,738 2406 100 2355 2088 101 1486 1380 1659 1031
4847352405,299 297 300 302 301 2177 240 298 2424 352
4100106345,98 2090 2050 1326 1091 1879 1333 74 1327 1271
4169758332,708 1491 1365 1302 99 744 1736 1439 1400 2409
4100106377,746 1317 677 1623 1985 2295 726 1738 580 846
4100108362,714 1706 641 606 378 2160 1956 1323 2368 1484
4100109361,1322 721 1331 1418 378 2160 1706 1637 374 1475
4100108380,746 1856 1317 1095 1503 183 580 652 264 1505
4100109527,2406 2088 738 101 1659 1181 1217 1619 2355 100
4100109554,2136 897 1469 2204 1793 2269 875 1602 632 1447
4847352407,1230 167 1618 1984 240 1519 1517 860 339 1229
4100108666,682 1508 578 143 612 1700 1744 663 1796 687
4100106721,2156 328 2155 1912 715 608 1178 1213 1175 654
4100108711,351 2054 2177 166 1405 2422 182 240 604 1300
4100106769,62 1508 642 1316 1379 2125 578 1738 1744 2384
4100109778,2241 629 212 1984 1404 165 1237 1791 351 1232
4100108801,2351 1076 1075 2393 1432 1300 1906 1914 1428 2155
4100104892,383 187 808 918 598 134 1473 186 1741 730
4100104998,1430 9 1427 75 59 623 2378 1324 1161 888
4169764373,745 807 931 1416 1871 204 840 1936 1009 1616
4169764380,269 1804 12 647 2138 666 1507 2389 2112 1650
4169758408,1491 1736 1243 2119 1468 242 221 1639 10 2409
4169764577,937 931 1776 1770 832 1773 840 61 936 1616
4169761562,379 1885 1897 1895 348 601 2371 1377 1896 2236
4169764600,2189 939 703 701 1306 1785 2265 1595 1531 1089
4169761590,827 1878 840 383 834 828 1770 1775 839 820
4465866338,2352 1305 1300 1572 2157 115 2140 354 70 2350
4169761631,1906 1910 1424 1428 1905 1913 2182 1912 1903 1422
4169758665,1175 1182 1179 257 1178 261 1031 654 1859 1176
4169764755,1878 1871 136 1322 2392 133 2361 2390 1616 2367
4169758758,1959 1401 851 2112 2311 90 192 2405 960 7
4169762739,101 1214 1215 2155 2355 2354 1432 1219 2182 1024
4169764780,414 434 2323 415 2327 2321 1581 2330 2329 2324
4169761880,2417 2416 2171 1043 177 2170 1995 2008 2021 951
4169763029,2373 2367 2366 2363 2365 2371 1878 1880 2370 1871
4169762111,1469 190 1092 535 1262 146 1085 446 1971 1665
4169759176,1512 345 164 1511 342 346 2151 344 1921 332
4169769331,1768 199 434 426 432 393 1567 719 420 2051
4169766375,843 1775 1774 1776 61 936 829 835 1769 934
4169771538,1145 1144 1138 1153 1133 1849 1136 1851 1152 1114
4465866372,1759 1763 772 748 1761 776 751 1760 2095 763
4465866376,843 1704 823 2076 821 830 1774 1769 61 835
4465866401,934 1776 936 932 61 819 1875 835 931 1941
4465866412,225 1683 954 315 955 469 1682 952 510 500
4465866740,1150 1133 1148 1114 1112 1152 1129 1147 1135 1138
4465866934,1978 1358 747 920 987 994 998 261 587 990
4465866959,1677 1671 567 2195 538 2197 573 484 232 461
4465867128,176 2299 925 2305 1056 1057 2300 2301 1965 2302
4465870327,1763 1453 1760 1757 1759 1839 1753 804 1754 1756
4465870361,1122 1115 1150 1133 1111 1147 1114 1849 1128 2336
4465870376,2153 2414 442 2001 1440 1982 1930 1033 581 2131
4465870448,52 48 45 46 57 53 2282 2279 2407 1389
4465870450,1034 1033 2136 922 1035 2207 294 190 1262 1925
4465870454,1771 1611 935 842 1772 1938 831 931 832 1776
4465870476,1192 317 1200 1190 1184 1197 2166 1193 529 1199
4465870537,2299 1563 1036 2298 2305 1057 2300 1564 176 1104
4465870558,2284 2280 2283 2278 1049 2279 2276 1851 2006 2282
4465870594,1048 362 366 1839 2009 1292 1045 791 965 1283
4465870739,828 835 822 1776 824 288 934 836 1741 1769
4465870796,1034 1033 922 68 2136 1035 1925 2207 1766 1767
4465870807,2153 1982 2207 2223 1930 2414 2265 1924 33 1440
4465870836,548 539 557 451 563 523 461 236 529 527
4465870870,886 2128 1557 2129 272 1262 89 958 2105 87
4465870919,1270 916 865 156 2244 1369 60 1726 2243 1084
4465880475,773 1019 2023 1254 783 1387 790 2014 1185 1196
4465880487,835 1772 1776 836 822 844 828 829 838 1741
4465880614,1039 1038 474 570 542 572 1313 1673 494 1051
4465880892,1948 1945 932 1296 1743 1611 931 832 841 934
4465881036,936 930 1776 841 822 838 836 720 934 1773
4465881082,15 19 13 18 16 21 1281 1285 1354 313
4465881120,225 952 469 954 955 500 510 160 528 950
4465881129,796 756 787 779 753 800 789 764 750 776
4465881150,1538 1364 1363 139 1155 1840 942 210 2060 1917
4465881176,2279 1446 1445 1349 2194 367 801 1044 569 2192
4465892303,478 528 510 469 499 475 507 954 523 894
4465892450,2189 703 701 949 939 1306 150 1785 149 239
4465892653,109 786 370 749 1041 776 856 788 760 779
4465892660,1051 570 474 1295 494 1199 530 472 1673 1050
4465892676,673 1284 867 1747 1242 1767 1753 951 222 385
4465892703,2027 2026 1069 1481 1764 2029 320 1480 319 2030
4465892896,741 1381 1965 1104 1563 1964 1103 2298 2302 1339
4465893063,2249 1990 702 701 2426 157 2413 577 631 690
4465893067,2034 2041 1803 380 676 2037 634 2038 592 1351
4465893105,796 787 756 764 753 750 779 789 775 763
4465893294,2090 373 75 2139 292 1264 1739 1324 308 132
4465902520,1525 1212 1526 1527 1209 1510 1210 1521 1522 1524
4465902576,416 415 1490 2321 420 419 2327 432 417 2330
4847352416,588 586 587 585 2194 371 1445 110 963 2231
4465902654,1036 2305 1057 2300 1103 2299 2298 925 2301 1631
4465902704,2189 939 1785 703 701 1306 1154 1595 2152 1787
4465902767,579 1352 129 1509 1834 1395 2261 2319 2285 580
4847352418,1984 1979 629 2241 2054 2293 212 1791 1227 630
4847352560,641 606 378 714 1323 1330 2160 1332 1706 1637
4847352563,1622 1548 1624 372 880 1635 2213 940 2271 1509
4847353050,946 644 1646 947 643 1516 224 1549 2404 2250
4100096299,663 682 1508 687 672 1796 956 612 1700 578
4100103403,1619 923 738 1659 2355 1436 2406 214 1486 327
4100096525,360 2377 2380 888 75 666 1608 944 2381 1333
4100102558,1459 1678 1360 1461 316 795 1015 986 111 112
4100103640,2034 2041 2037 123 2039 2038 2040 2036 128 2048
4100103658,1549 1646 256 1028 1261 1552 291 139 942 1547
4100102763,373 292 2090 722 710 1264 132 1326 1334 1739
4100096874,1709 119 74 2065 2025 98 1309 816 1438 1267
4100097134,250 615 352 941 1636 37 1646 40 66 1647
4100097155,1326 1334 1327 1091 2090 1271 1333 1324 292 263
4100103136,663 686 1508 682 578 1796 1918 62 143 1738
4100097247,378 2160 714 1637 2161 1484 641 606 1706 1322
4100107434,1739 710 373 2091 132 681 713 639 640 2193
4100110561,2293 2054 1797 1918 1335 1495 578 2125 671 1316
4100110597,579 580 1856 1738 1055 1095 1797 2178 708 642
4100111543,2393 1635 1545 1300 1556 2351 1302 1552 1553 1433
4100107675,1847 604 2422 1433 1495 1623 2334 2045 2210 1300
4100110682,1618 1519 2388 1518 1520 1230 1680 1229 1617 323
4100107730,2 2089 382 2214 1276 1608 1650 269 96 1804
4100110743,2205 2084 133 1934 1009 287 1944 1936 2085 2115
4100111692,373 2125 1696 613 712 1745 1918 65 2384 640
4100110755,2212 1509 2271 880 2213 372 1467 1834 1622 677
4100111702,1326 1333 1692 1324 1329 1739 2139 2050 75 263
4100107774,2425 334 164 343 342 815 333 345 2247 338
4100111739,1515 1544 2424 2134 1053 84 897 170 1583 240
4100111746,1837 623 305 1431 1427 1426 39 599 40 1066
4100105810,0 209 1421 2402 440 439 718 201 621 438
4169757343,2368 1892 1371 1884 1373 1703 2362 1328 2369 1900
4100107931,1892 1373 1886 1371 2368 1889 1376 2362 1367 1703
4100105913,1893 1742 2360 1611 1869 1410 1409 1938 2183 1890
4100110987,1515 240 2424 2134 1335 2133 170 1544 683 2178
4100105968,267 871 151 872 268 873 2410 1801 1315 1232
4169760374,9 2346 2342 2148 2344 2341 2338 2343 2147 387
4169760432,1847 2335 2422 1495 604 2210 1300 1433 686 1623
4169759468,1938 1771 1611 1742 812 1273 1613 2076 821 811
4169763521,1878 1871 1885 2366 1880 2371 1896 1273 2373 1892
4169763587,210 320 1479 1538 1480 1481 2027 1206 1437 1991
4169759599,1890 601 1897 1885 379 2370 811 1888 1887 812
4169757597,2184 2380 2117 83 2201 1773 1023 1770 2174 730
4169763628,2352 1306 1300 115 1572 2140 1305 703 2350 1654
4169759682,379 1890 1888 1894 1875 2236 1948 1872 1873 1897
4169759772,1769 838 1775 836 819 1776 835 820 828 843
4169761279,775 764 769 790 759 765 772 797 794 751
4169770368,1897 853 1511 2372 854 1872 348 379 601 2082
4169770403,838 1775 1769 822 819 936 1776 836 827 829
4169770567,819 838 837 839 826 1769 834 1296 823 824
4169770641,1152 1850 1134 1848 1153 1851 1129 1144 1110 1149
4465869357,1713 1958 1852 1531 1088 2265 2229 2269 195 2220
4465869511,716 1801 1237 2398 324 212 1239 322 2240 323
4465869607,821 2076 1774 843 823 829 936 1776 1704 61
4465869618,362 1253 2126 965 363 2191 1048 770 1831 1446
4465869626,1134 1152 1851 1144 1850 1153 1849 1136 1110 1128
4465869651,796 789 779 756 769 775 794 772 759 764
4465869652,2284 2278 2280 1049 2006 2283 476 2282 530 803
4465869700,759 769 775 765 764 794 772 792 781 789
4465869704,1065 1059 1069 1061 1067 1177 319 1058 599 921
4465869756,741 1381 877 1104 244 1103 1965 651 2173 2204
4465869798,1150 1122 1115 1120 1133 964 450 965 1111 973
4465869937,2057 2062 2058 2063 2056 2064 1397 2059 2130 306
4465869959,174 172 1988 1711 2174 1712 1531 1530 1244 171
4465870129,1959 280 1954 2224 1163 2420 2385 195 2311 1164
4465870146,1574 2187 2186 1628 1627 1632 1356 1749 1841 1629
4465870150,2103 2101 1954 646 42 1163 1798 863 1160 2142
4465870202,539 451 548 566 551 557 527 563 461 550
4465876348,2048 1778 2108 1974 2137 2046 2041 1973 659 1780
4465876388,1262 2128 886 1971 958 1793 1532 1557 272 2204
4465876404,770 784 783 965 780 363 790 1150 1760 791
4465876467,176 1563 2299 1104 2301 1056 1965 2302 1381 1057
4465876628,1971 295 818 293 1262 85 2142 1977 1665 876
4465876657,819 826 838 733 1372 1769 839 1895 1296 824
4465876659,2103 2101 1163 42 1977 296 1954 646 86 1798
4465876664,90 1945 2149 1613 61 720 2311 1474 2082 1942
4465876715,821 1774 829 61 823 1776 831 843 936 1613
4465876770,1034 1033 2419 922 2207 1925 1035 68 876 316
4465876781,2153 1601 442 1928 662 2229 1567 1444 1930 1033
4465876833,2262 1974 2108 1779 1781 2109 393 347 284 2048
4465876922,1669 483 548 1675 532 447 477 2198 503 544
4847346558,1404 1257 175 1734 1258 1419 339 1232 2240 1517
4465877237,2057 2062 2064 2063 2056 2058 2061 2059 306 2060
4465877247,933 935 931 937 1615 1575 1776 833 930 61
4465877298,796 787 756 764 775 789 779 753 750 769
4465888336,833 935 1410 844 1611 204 1679 1772 931 930
4465888357,2159 1768 0 621 2046 129 2235 634 584 2172
4465888409,1768 393 1087 2303 1779 2304 129 169 1056 719
4465888423,1128 1152 1110 1850 1849 1147 1149 1136 1133 1851
4465888754,932 832 1776 61 1613 933 935 936 931 937
4465888902,1770 1616 936 61 840 1776 1613 830 827 1023
4465888961,796 787 756 789 800 775 750 764 765 753
4465899311,1256 370 363 368 792 1344 1389 794 770 775
4465899357,2305 2300 925 1057 2299 1036 2301 2298 1103 1104
4465899400,1256 770 363 965 1389 368 1350 1345 370 365
4465899415,2020 2013 2019 2002 2021 2022 2011 2008 2010 2007
4465899466,2024 1997 2011 2002 2012 2000 2020 2019 2022 2007
4465899493,55 50 1278 16 47 719 13 46 1281 517
4465899523,596 2191 1456 1348 1831 1391 2126 752 1142 785
4465899577,786 749 748 364 109 370 1345 111 804 1759
4465899615,369 1349 804 1456 627 1752 1385 23 1762 1350
4465899619,109 749 766 1041 776 786 108 370 779 788
4465899850,233 227 2196 492 1671 232 235 234 231 465
4465899925,19 13 15 16 21 18 14 1281 17 1285
4465900147,2357 985 2380 1765 1768 199 2226 2358 906 619
4465900230,2022 2013 2002 2020 2019 2010 2011 2008 2021 2000
4465900244,2273 908 906 909 985 355 984 750 907 2419
4465907311,2268 2263 1089 1622 1620 1621 372 2271 631 66
4465907404,1064 991 1647 260 998 320 1061 1634 1069 989
4465907626,2135 143 2193 612 1700 1739 2091 1796 681 1379
4465907695,1382 1384 1383 1583 1584 1653 1585 2179 1899 1652
4847346582,1604 1607 1488 2055 1366 8 589 2214 2113 1542
4847346720,300 2424 240 297 630 860 339 1984 1230 302
4100093119,1064 320 260 1991 1634 2345 1069 1066 1067 996
4100098534,2041 1723 30 2137 2040 2039 1781 1780 1778 347
4100101496,583 1721 1718 584 698 238 1717 675 591 1714
4100101581,2406 1217 2088 2291 101 2089 2 2046 1835 283
4100098649,1954 42 1662 863 2103 646 2415 6 1664 1163
4100101664,1834 677 580 579 880 1509 1352 678 1868 1797
4100098746,714 1706 606 1323 641 1330 1329 1332 1322 1328
4100101005,746 1317 2295 846 726 1738 1918 677 1623 64
4100099148,1390 1737 1744 1700 1379 2125 1796 956 145 197
4100098185,1834 1509 579 1352 880 1548 178 678 1836 2208
4100098262,9 2342 1026 2047 1431 75 713 1694 1427 1325
4100098273,1228 1385 1661 220 1402 1165 277 907 1070 2230
4100102285,640 274 373 1953 1918 1697 613 1316 712 611
4100102286,4 1400 660 1266 2175 661 1909 1392 1221 382
4100102290,1744 1796 1508 2125 62 612 578 143 1379 682
4100102300,578 1744 704 1379 2125 1316 1796 1737 62 1795
4100108336,2155 1556 1553 2352 1433 1548 1635 1545 2351 608
4100104386,360 2050 98 2379 2093 1430 2239 2346 59 390
4100108358,2090 98 1264 1326 1161 75 2050 1091 1327 1334
4100104419,1322 721 2161 131 2397 1328 197 731 378 1706
4100104436,1333 1332 1326 1324 2090 75 1692 1330 1739 1161
4100104551,1522 1521 1212 1528 1524 1526 1209 1525 1527 1210
4100108575,9 2341 2342 626 2346 2338 616 2047 622 2124
4100106683,117 43 1791 1335 1645 1916 1263 2163 1957 44
4100109677,1213 929 1026 2287 603 2288 2156 1912 710 2182
4847344583,182 170 1404 240 1783 1515 859 301 166 332
4100109755,1094 602 2165 2143 887 1679 2390 374 144 733
4100109829,2393 1300 70 351 604 211 2177 2175 2045 661
4100108855,1893 1742 1869 2360 706 1938 1409 1896 1611 1273
4100104918,1891 1938 1870 1883 2356 811 1615 2238 812 1871
4100108952,1296 931 825 937 832 204 1948 1776 1943 933
4100105008,1373 1886 379 1889 1376 1885 1892 331 1897 1881
4169762335,1272 2076 1273 2366 884 1613 1774 843 1470 2077
4169761347,1800 1943 204 931 1882 2356 1901 2082 186 1894
4169762395,2368 2362 1892 1703 331 1367 1373 1879 390 1889
4169762513,1298 65 642 683 274 713 2210 680 64 2382
4169761550,927 666 2139 667 845 279 2319 647 159 2386
4169764597,438 2036 923 1619 660 738 977 2353 1401 138
4169758637,1491 1736 2119 2048 659 1974 2137 1698 1243 2409
4169761645,933 931 61 937 204 829 832 840 935 1776
4169758683,1412 2358 1871 2117 199 901 825 393 898 881
4169764714,820 1769 839 838 819 2116 834 837 841 826
4169762689,1769 185 838 828 707 1775 2183 2158 1679 836
4169761699,390 1874 2378 944 728 1367 1884 1371 331 2075
4169764772,829 843 1774 1704 823 821 831 835 1776 61
4465868342,1797 43 1316 44 1953 981 1918 1335 727 2094
4169761830,1448 999 987 994 1182 993 261 986 990 991
4169762930,602 1094 2165 2390 1679 2237 2364 1375 733 707
4169762936,1804 12 2394 2 2089 1608 1507 382 2214 269
4169762957,786 1013 749 111 1041 748 109 1446 785 856
4465868346,1722 825 934 826 1776 881 1943 1941 1023 936
4169765107,2303 651 1985 905 652 2174 648 1565 1986 2304
4465868355,2016 2011 2005 1998 2012 2017 2023 2018 2004 2009
4169772337,2417 223 2171 177 2416 518 555 1235 215 1673
4465868374,2357 1768 985 199 2226 2174 619 2217 1447 2146
4465868440,1119 1117 1129 1112 1148 1138 1140 449 1137 1121
4465868669,796 775 764 789 787 756 794 779 769 772
4465868729,866 277 1175 1176 654 1182 1178 1659 157 1859
4465868930,600 624 622 1174 1062 599 2030 328 1912 1431
4465869128,1363 1840 1538 1705 1844 1842 1651 1364 1632 1630
4465877400,2114 371 1767 2128 2129 2414 2207 1240 1241 89
4465877418,770 784 965 723 783 1970 1345 1494 1348 1831
4465877477,652 650 651 648 649 850 1381 877 1856 897
4465877521,735 737 1123 736 1245 734 725 1251 1247 1151
4465877730,20 17 1245 19 1282 1968 14 1280 21 1285
4465877793,1557 1971 85 1262 818 2128 886 86 864 87
4465877854,536 1676 236 474 228 235 1666 1670 472 570
4465877891,2282 1446 1049 1147 1250 1346 1048 1282 2274 494
4465877895,1190 1093 773 2276 803 2073 544 1469 223 565
4465877928,229 228 575 233 536 236 457 533 235 465
4465877974,833 935 844 1410 1771 1776 1611 829 931 204
4465878083,1038 1039 474 542 530 461 2281 1667 161 537
4465878102,1381 1965 1964 652 2303 1056 1563 648 651 2302
4465878218,1346 1349 1385 1350 1389 1446 1196 1295 1198 1254
4465878255,409 410 401 399 1865 408 402 403 396 1819
4465887304,2406 2088 101 29 738 1659 1181 1176 283 2
4465887431,2104 195 2387 1977 216 156 281 194 60 280
4465887442,705 1380 1529 692 309 178 1553 1651 2029 942
4465887489,1896 1410 2360 1679 1611 850 186 1409 907 833
4465887521,773 756 2275 789 753 787 765 796 800 750
4465887538,20 17 19 14 1282 1285 1283 1281 462 13
4465887652,1540 110 992 920 987 1308 747 990 1978 752
4465887749,969 963 973 500 966 975 974 968 965 450
4465887862,727 134 1958 808 1741 1377 2390 1218 1573 144
4465887881,838 822 1769 819 1775 936 841 836 844 1776
4465887921,796 787 764 756 775 765 750 779 759 776
4465887959,1935 2237 1948 1941 1942 1474 2085 1740 1882 1846
4465888003,2153 2207 2223 1033 442 2414 1601 1982 2265 581
4465888030,2003 2018 2012 2011 2023 2002 2008 2000 1998 2022
4465888069,300 301 299 297 2177 302 240 1984 268 630
4465888163,1152 1144 1133 1150 1849 1147 1128 1149 1138 1153
4465888228,1259 339 2150 1257 334 1258 332 175 2151 815
4465898560,2051 719 1964 312 1103 244 1092 314 50 1339
4465898596,371 585 588 587 987 586 1108 1358 2194 261
4465898600,1063 621 1647 1058 255 260 1182 319 1859 1634
4465898661,176 1965 2300 2299 1381 1565 1563 1057 2302 2305
4465898678,1052 1188 2015 1997 2019 1191 2021 1194 1202 2278
4465898738,13 19 21 1281 15 1283 1354 1285 14 18
4465898913,1169 1166 1168 927 1167 1420 919 22 25 1973
4465908418,903 899 148 900 901 147 898 911 902 719
4465908471,1697 704 1024 684 274 639 2403 1737 1918 2384
4465908500,903 900 899 148 147 902 901 898 911 719
4465908550,1336 2312 1854 1164 69 2311 2405 1799 665 2218
4465908623,795 112 788 1041 108 760 749 772 111 786
4465908720,240 2426 1653 2179 1304 339 266 701 1205 2424
4847344597,2352 880 1498 2209 1500 847 2144 2350 2285 1548
4847344606,101 2406 2088 328 2355 100 2286 1181 2354 329
4847344607,611 612 640 1700 1744 1796 682 2403 1697 1379
4847344609,1440 2340 1240 352 1928 2347 862 662 242 740
4847344632,804 2042 364 1345 750 1457 788 109 1343 1347
4847344675,1622 1620 1621 372 1555 1624 940 321 2294 1173
4847344746,300 240 2424 299 302 2177 297 268 211 170
4100093195,578 2135 2210 2293 726 1847 2295 686 1797 2193
4100101366,1228 1966 1780 1679 2167 2230 220 1165 805 1366
4100097758,638 1918 687 846 1737 2125 1696 1439 603 2334
4100097835,100 248 1030 1551 2354 1553 1029 1660 207 738
4100100913,1300 1301 1302 2422 2334 321 1606 2137 443 672
4100102167,846 1918 687 2125 1697 1508 578 613 274 1317
4100102201,578 1796 1379 2125 1918 612 1744 704 1700 1737
4100098270,1504 580 1856 1797 1505 1514 1503 2405 1097 1
4100101254,1487 138 2176 1799 290 1598 69 179 1663 1485
4100102263,66 1646 305 40 439 2180 1636 124 2258 1413
4100104360,1713 104 690 694 174 1337 1530 1711 1088 2220
4100109385,1398 2091 613 99 1320 1439 63 2092 1162 1918
4100104512,1217 738 438 2261 2035 440 439 2033 123 2406
4100104518,1556 1838 1553 1545 1548 2393 1552 1106 1635 1029
4100106651,1172 1173 654 1177 653 253 2294 1214 2155 1175
4100109620,1618 2388 1258 175 1517 1230 1617 323 1232 1519
4100109634,1902 2 269 1804 2394 1507 1777 2089 661 8
4100109656,2212 2213 1509 2271 372 880 1624 1548 1213 97
4100104748,1300 351 1495 604 2393 2045 70 2422 2335 2293
4100106759,717 1227 1791 1478 2054 1980 354 1979 212 2293
4100109744,926 1105 1495 44 2193 43 927 638 1623 1484
4100106797,746 1317 1985 1503 1856 652 846 2295 648 580
4100108781,1892 1611 383 1679 1888 186 1006 2082 1878 1416
4100104867,2090 75 263 2050 1161 1857 626 2382 1324 1333
4100109874,2368 2362 1703 1271 1373 1334 1884 1900 944 390
4169758364,2089 1608 382 1264 667 1650 647 1403 1318 72
4169762364,360 2050 98 2090 2346 59 1161 695 1326 2381
4169762414,1878 1896 2371 1885 1871 1880 1892 379 1897 2360
4169764500,1892 2368 1703 2362 1367 1900 1373 1871 1945 1936
4169758504,1742 1893 2358 812 1938 1890 1474 811 1273 1942
4169762549,1911 1915 1907 1905 1267 929 1903 1266 1909 1309
4169762586,2360 1882 1937 1023 2080 61 1942 1947 2081 1933
4169764634,1509 880 2212 1834 1548 2271 678 2213 677 1467
4465863347,1905 1903 1913 1906 121 1729 1911 660 1428 1423
4169762654,1877 1876 1933 1939 1894 1882 1901 1935 1875 379
4169762684,1875 1877 1882 2364 1894 1876 2392 379 204 1891
4169758716,1376 1373 1886 1889 379 1897 1743 601 1881 1890
4465863350,675 676 388 694 697 172 380 1803 1337 1208
4169758880,935 1611 1575 1771 1896 937 706 1773 832 1938
4169764914,1334 1264 1318 2025 847 1909 1513 1709 1443 1403
4169759041,83 81 82 2378 80 2380 2117 2174 331 2379
4169765171,955 954 950 1681 510 952 225 1682 161 160
4465863369,45 46 48 57 52 56 53 49 1281 1278
4169772523,1999 2014 2015 2279 1052 2276 1188 2192 190 1469
4465863377,61 1776 829 835 936 819 932 1769 840 843
4465863391,2238 1883 1893 1870 1891 2366 2358 1887 1612 2356
4465863392,1851 1849 1144 1850 1153 1136 1145 1110 1138 1134
4465863400,2222 1529 1852 1054 2225 2228 2219 2256 318 862
4465863527,435 1578 419 2321 415 1579 1490 2327 416 2323
4465863876,2268 2272 2271 91 2267 372 1621 1088 290 941
4465864143,161 524 510 461 952 160 955 540 950 498
4465874390,2153 2414 442 2207 1924 356 817 2223 33 1930
4465874474,614 1011 36 1480 320 401 1558 359 817 1079
4465874480,930 1776 934 844 935 931 1407 822 1772 1679
4465874709,1676 474 451 573 1677 526 236 542 2195 461
4465874721,925 2300 905 924 129 1973 349 1269 176 325
4465874872,2014 1203 190 1469 2279 620 1346 1999 1092 2276
4465874874,394 865 1270 1293 2387 862 2229 60 2105 2219
4465874944,2153 2414 1601 1038 1033 442 817 1924 2207 359
4465875000,499 950 955 469 954 1275 1681 225 976 974
4465875081,1563 2299 2300 2305 1965 2301 1057 2298 1104 2303
4465875160,1704 843 823 821 835 829 1769 819 831 1774
4465875200,462 970 1078 1080 974 1866 966 1863 975 366
4465875273,318 1529 2222 2221 1054 1854 2121 2252 1852 2225
4465884447,773 2275 801 783 803 2023 2282 2276 750 790
4465884461,1128 1849 1848 1152 1667 1145 1153 1851 1144 1133
4465884994,1666 494 1092 1668 474 1051 570 21 491 2281
4465885039,1039 1038 474 542 572 1313 494 570 1673 1558
4465885078,796 787 779 794 764 775 769 789 772 792
4465885089,43 117 1645 704 1335 1795 2125 1263 578 70
4465885093,2284 2280 1049 2283 2278 1851 2279 2275 2006 2282
4465895341,1118 1143 1129 1138 1125 1119 1121 1133 1112 1126
4465895492,1647 1069 1065 1063 1064 1059 2188 1982 320 319
4465895509,47 49 56 53 235 2010 1995 518 459 461
4465895562,1202 1194 1387 1052 1185 1189 2015 2012 1188 1196
4465895563,673 1747 369 1284 1242 627 867 1753 222 1762
4465895583,245 244 1340 1093 1339 1019 897 2198 1469 2074
4465895588,2300 325 1036 619 2235 1768 1469 2298 1447 155
4465895640,773 2276 488 544 803 2023 783 565 2282 1684
4465895651,2153 442 581 1033 2414 817 1601 1567 2207 1417
4465895676,1191 1186 1201 1193 2015 1195 2004 570 1666 1199
4465895736,16 19 15 17 13 20 1354 1245 633 1278
4465895737,1201 1191 1195 2015 1193 1188 2005 1200 1199 1186
4465895752,773 783 790 801 2282 787 2275 803 758 2014
4465895776,1147 1114 1133 633 1153 1129 1138 965 1150 1140
4465896145,1248 1281 1252 1283 1250 1282 1245 1147 1285 1288
4465896196,375 1106 1434 1431 1647 125 34 1427 1065 252
4465904539,903 900 899 902 147 148 901 898 719 911
4465904687,1030 1554 326 1029 1551 1858 38 1261 1028 329
4847348538,143 1508 1796 682 663 612 1738 1700 578 640
4847348539,664 69 325 1645 1082 1083 1727 2217 743 1071
4847348547,187 383 287 1947 186 918 2205 2079 598 1939
4847348548,1005 1530 679 2256 1715 1603 1466 1531 1529 2031
4847348588,256 1552 1549 1556 1261 1555 1545 1553 1028 942
4847348629,606 1333 1739 1330 292 1706 1328 2139 1332 714
4847348641,2378 1973 666 927 1314 978 1600 327 1746 2050
4847348654,1030 1551 100 1031 1075 248 1550 207 1029 1076
4847348666,684 639 1737 1495 2210 1697 1918 1302 1635 274
4100093137,849 850 2098 1516 848 947 1533 644 145 1485
4100098542,1205 2426 883 1971 1593 1665 619 2220 1269 146
4100100586,34 1486 258 260 615 305 66 2292 1647 1858
4100098646,1525 1212 1209 1526 1521 1510 1527 1522 1528 306
4100097695,360 2379 2239 2050 2380 2423 2093 1845 1605 666
4100098751,2 1902 2394 1804 2089 688 674 2214 1777 269
4100100844,1332 1323 641 606 1330 714 1333 1329 626 378
4100098911,290 289 291 2250 1549 2168 1485 1621 2098 1028
4100098964,1552 1556 1549 256 1261 1555 1553 1635 1030 1029
4100098016,1906 1076 1075 1913 1553 2181 1483 246 2155 943
4100102032,2175 2401 1963 114 1400 2293 391 1913 1298 1903
4100101043,360 2239 2380 2378 2174 275 2050 98 814 1430
4100099089,196 2075 2158 681 97 640 1738 2295 642 1508
4100102074,1608 2 303 2089 382 674 12 1276 1403 1804
4100098156,360 2050 2377 9 98 1333 1327 944 75 2025
4100098235,653 654 1175 1178 1177 1181 1174 328 253 2286
4100101255,660 2 2089 1902 8 269 2394 688 1650 382
4100102243,578 274 612 1379 2125 1737 956 1744 62 1508
4100106312,2119 1650 1488 1607 1736 1604 1491 2055 96 1468
4100108317,1739 373 1398 1334 710 292 132 2091 713 695
4100109352,847 137 1496 1268 680 608 1022 2083 1398 722
4100104434,1545 1552 256 1549 1556 1555 1904 1553 178 1622
4100109397,1298 1302 1301 384 1303 679 2271 2264 2350 1300
4100108454,360 2377 2379 9 1874 1333 666 695 2378 390
4100106600,2241 1984 339 167 860 1979 175 240 1230 2240
4100104620,291 2250 290 289 1549 1028 138 1556 2118 2168
4100104647,1172 1173 1655 1177 253 654 1176 2294 653 1175
4100109596,2045 717 2293 354 351 2054 2140 1405 1572 604
4847336701,1984 2054 629 351 1979 167 168 2163 165 717
4100104875,1373 1886 1376 1889 1885 379 1371 1881 2368 1892
4100109846,1892 2368 1373 2371 1885 1886 2369 1900 379 1884
4100108963,137 269 121 1320 99 1442 1264 1318 2083 1403
4169764368,1373 1892 1886 1371 1885 2368 1376 379 1881 1889
4169758396,274 1697 640 1796 2403 684 612 1379 1700 663
4169762392,1771 1611 1938 829 821 831 1613 1773 931 1776
4169764540,1635 1624 2351 321 1548 1106 1302 1433 2352 1621
4169764589,1847 1433 2210 861 1623 668 2422 1737 2248 1331
4169761576,1481 1479 912 1437 2027 2053 1480 2086 320 2032
4169758588,2360 186 2081 854 2183 598 1896 1474 1409 1410
4169764635,919 1331 2193 1973 1329 695 1322 83 1778 1406
4169761637,32 1512 1921 2374 102 1920 344 1511 164 2376
4169762673,83 2380 82 81 2174 1325 2378 119 2379 2117
4169761791,843 823 1774 831 1704 1776 829 819 821 61
4169758856,261 920 998 989 991 999 747 986 987 260
4169758874,1512 164 2425 345 1919 342 1921 1922 2151 1920
4169761923,1472 721 2143 887 1418 2390 144 1542 2123 731
4169758946,1973 1589 2384 197 1778 2383 978 666 97 1698
4169761926,81 80 82 2380 2117 1407 83 1884 2379 2377
4169764986,81 82 80 2117 907 854 1407 2380 83 1078
4169758996,786 109 370 856 749 788 748 368 774 111
4169765059,81 80 82 2117 83 2380 1407 1973 2377 119
4465862365,936 61 832 932 1769 838 1776 819 1613 1775
4169771347,19 13 15 1281 18 1285 16 313 1277 21
4465862653,414 2323 415 2329 2327 1581 1580 434 2321 2324
4465862743,1346 1349 1295 1385 1445 1255 1350 1389 367 1446
4465862980,509 558 1672 575 506 469 515 229 459 502
4465863026,2019 2020 2010 2007 2008 2013 2021 2002 1996 2011
4465863259,176 1056 2303 905 2299 2301 2302 1381 2298 1563
4465863262,828 822 1772 836 819 1776 1769 838 1775 844
4465863298,820 1769 838 1770 839 837 824 2116 830 1775
4465872470,770 2126 363 784 1348 783 110 1831 965 791
4465872557,925 1057 2299 2300 2305 1056 325 1965 2298 2304
4465872629,359 2332 1767 1039 1664 218 1665 605 1926 2114
4465872663,61 830 819 840 936 829 1770 1776 932 823
4465872818,1964 1965 1339 1104 1381 1563 2301 741 314 1103
4465872847,20 17 14 1282 1968 1967 19 1131 1246 1354
4465872853,1974 659 2108 2048 1723 2137 1491 2109 2046 2262
4465872917,1270 2224 1726 2244 446 60 2229 2219 146 154
4465872952,1152 1851 1850 1153 1849 1134 1144 1848 1133 1110
4465873097,758 775 792 769 794 797 751 774 764 761
4465873281,138 2315 2307 2313 1054 1506 960 1951 2218 1853
4465881313,1820 1811 1819 1827 206 1805 1807 1813 2326 410
4465881328,1774 831 1704 829 843 823 819 61 1776 835
4465881417,1153 1116 1138 1849 1133 1114 1850 1110 1152 1851
4465881804,952 1275 950 954 500 1171 953 1359 867 1683
4465881831,1574 2187 2186 1628 1627 1631 1609 1356 1629 1632
4465882043,1384 1382 240 2054 1383 1653 1335 2209 2179 1797
4465882152,1519 1257 339 1230 1618 167 860 1258 1518 1520
4465891399,1965 1104 741 2299 1057 1563 1103 1964 2298 1381
4465891510,1256 368 1389 1253 1386 1385 1344 1350 1255 363
4465891590,1211 1522 1528 1932 1931 1521 306 1209 1526 1210
4465891591,176 2299 1565 904 1057 1381 2298 2302 1564 2300
4465891616,2250 1549 1413 1646 259 1415 291 645 1547 1028
4465891641,2276 2279 2014 1469 427 50 468 1849 535 1387
4465891649,1675 532 503 1669 551 2198 563 237 1185 513
4465891686,359 2332 317 367 1767 1558 983 1039 614 1926
4465891700,2276 2279 2282 783 427 2275 2014 2274 773 2192
4465891701,371 586 1747 588 587 1241 585 1108 1017 1748
4465891751,1045 1050 1048 1044 1047 2017 961 2194 1049 2009
4465891975,1326 1091 1327 1271 1330 2090 1324 1334 263 1692
4465892228,550 537 1670 2196 457 234 1666 1675 227 569
4465892294,233 234 465 492 229 235 1671 232 533 536
4465900521,2320 397 657 407 430 1864 869 398 1685 1807
4465900745,741 1965 1563 1104 1381 1964 176 1565 2302 1103
4465900837,1725 977 278 1576 1724 1702 938 2337 1488 2339
4847336718,923 665 1619 1499 214 2312 1659 743 1401 153
4847336735,1697 1700 663 2403 198 612 640 1796 1026 1738
4847336741,438 2353 738 2036 2046 1619 123 977 2040 436
4847336754,578 1508 2125 682 1744 612 143 846 1738 62
4847340677,883 339 167 1586 1257 860 240 175 1304 1258
4847340678,1468 1607 1604 298 1639 1491 1650 2138 2055 1366
4100098334,2426 701 0 2179 1306 1023 1205 163 1157 1304
4847340679,240 1653 297 268 2424 2177 2163 300 1792 273
4100100450,2028 622 600 2334 226 697 2257 2259 443 1004
4100100566,606 1739 1330 2403 710 1427 695 1324 1328 1692
4100098939,726 2091 1739 710 603 1918 846 2135 713 1737
4100102043,2 1608 2089 382 2214 1804 303 674 269 1507
4100102077,1795 1796 1700 687 612 118 2125 672 956 2403
4100102158,360 2050 98 1326 1327 2090 1692 1879 9 59
4100102238,11 2137 1365 659 106 1159 2175 1439 1400 2109
4100106350,276 226 1768 2335 384 129 1337 285 1989 708
4100108371,360 2377 2379 1874 944 2381 2378 695 666 1430
4100109398,606 641 714 1706 2160 1022 378 1323 2403 1484
4100106457,2026 2029 2028 2027 213 1020 1764 275 2295 1065
4100106530,1548 1624 372 2352 1545 1555 880 1626 2209 1622
4100104630,117 43 44 1335 1645 1263 1791 704 1957 1680
4100109577,703 2189 939 701 1306 1785 1154 271 2140 2349
4100109776,2163 70 847 2352 2350 302 1227 1541 1979 1335
4169762352,578 1508 1738 143 1918 62 663 682 846 746
4169761364,1623 1918 2125 578 846 687 143 1796 2210 671
4465861336,679 1836 226 1303 384 694 1603 689 1803 2257
4169764427,933 61 1774 931 1776 932 829 832 840 1613
4169762405,1367 1703 944 2381 1874 1889 2377 1271 2362 1324
4169761426,1322 1331 1706 721 2160 378 731 714 2161 374
4169764445,1214 1553 1075 1106 1556 207 1030 1550 1551 2181
4169758431,1318 1268 1907 1915 1909 2288 1423 1913 1309 1264
4169761457,2135 578 612 1700 928 1508 2193 682 143 1796
4169762467,2184 1374 826 1375 2117 2134 730 877 2226 662
4169764498,1890 1699 706 2236 2370 1611 1888 33 1887 1474
4169762481,2184 1770 937 1377 826 2423 1374 1475 1773 1023
4169762485,1174 624 31 653 328 599 2345 1181 2288 2287
4169758554,660 1024 2036 1551 438 141 327 2353 1619 2393
4169758647,2355 123 29 1024 2406 2088 1217 2206 2306 980
4169758671,854 853 36 907 358 1475 830 1601 1511 1198
4169761709,831 823 837 839 1704 1774 843 829 61 1776
4169758947,2384 63 11 1973 928 2193 672 603 2092 1700
4169762025,379 1376 2365 1371 1874 1900 2369 1884 1886 1373
4169765089,823 837 839 829 1774 831 1704 61 830 821
4169763064,2357 2238 809 1883 2358 2356 1575 199 1870 812
4169762101,1094 721 887 1418 374 2143 1472 144 1489 2123
4169763144,954 955 950 510 953 952 225 528 499 161
4847340681,2068 2067 1592 1591 2070 346 1224 2071 2069 1312
4169771365,1502 1219 192 1959 2122 1499 90 2312 195 2219
4169766426,1959 195 2224 597 2122 280 1701 1270 2219 282
4169772443,775 759 769 764 781 772 792 796 794 765
4465861372,934 1776 931 932 836 819 936 844 937 822
4465861440,1119 1129 1138 1110 1112 1124 1121 1117 1136 2275
4465861606,1153 1144 1129 1850 1145 1849 1851 1134 1138 1848
4465861735,1486 127 436 305 2353 1546 1836 214 923 1838
4465861756,2153 356 817 1930 1982 1173 442 441 1440 2207
4465861868,2035 1723 2036 2040 2108 2041 347 2138 123 1619
4465862149,833 821 1776 1771 1770 931 204 839 812 830
4465862167,1676 236 2195 573 451 461 474 536 228 557
4465862207,934 1776 931 836 937 1296 825 1941 936 832
4465873405,1638 196 1379 671 1353 1478 684 211 1316 2403
4465873488,2305 2299 2301 1057 1563 176 2300 2298 1104 925
4465873505,2280 1346 1049 1349 2278 1385 522 530 575 1295
4465873540,449 531 454 571 481 480 976 1137 552 1126
4465873598,2417 2171 2416 177 518 555 223 1673 2170 317
4465873884,111 1308 1539 184 2296 112 315 749 2297 1975
4465886371,1201 1191 1195 1193 2015 525 1200 2332 2005 1202
4465886375,989 920 999 1730 994 993 998 1357 747 260
4465886411,24 1275 1081 975 1078 1802 656 976 1866 1359
4465886418,1278 1281 1285 1283 1289 1282 1248 1146 1290 1288
4465886773,2159 440 439 1477 129 1622 1206 940 938 429
4465886871,1256 368 1389 856 1344 770 455 370 801 794
4465886994,1666 494 536 491 1670 474 1051 570 2199 506
4465887002,511 571 479 497 508 481 531 489 1642 480
4465887012,1364 1155 1538 1363 2053 1628 1447 1832 2060 919
4465887140,356 1930 817 355 357 1929 1928 442 358 1440
4465896335,466 480 449 481 1642 454 479 486 1494 511
4465896417,1117 1112 1129 1110 1138 1121 1136 1148 1144 1119
4465896446,754 781 772 769 759 1759 764 766 802 780
4465896488,47 53 56 49 555 2010 518 58 2021 519
4465896634,1051 1295 474 530 546 1666 1668 1050 494 570
4465896649,359 1039 1561 2332 317 1558 1673 2414 158 817
4465896661,1256 365 363 770 2126 368 1253 370 1109 618
4465896673,1994 1992 1993 1995 177 215 223 2170 524 2417
4465896676,673 867 1747 627 1682 1284 496 892 974 512
4465896726,586 371 588 587 585 1747 1037 2001 272 89
4465896909,832 932 935 1776 931 930 61 934 1612 937
4465896997,1794 703 1306 1654 346 345 445 348 815 2189
4465897164,2299 2298 2305 1036 1631 2300 1563 984 2301 1057
4465897198,1256 2198 368 1253 1385 1389 1350 14 483 548
4465906452,1247 737 736 1123 735 1245 1151 1251 734 1249
4465906534,1317 1797 2178 1738 62 671 1321 2125 1918 64
4465906627,1983 655 1170 1539 895 795 2296 112 2297 870
4465906705,2189 939 1785 703 701 1306 2348 2349 1154 1595
4465906778,1859 1029 1031 1858 1030 246 615 258 1950 1032
4847340692,1542 2055 1698 1310 1366 1025 2138 1723 2262 106
4847340713,2210 928 603 2334 114 1298 2193 2350 1623 275
4847340714,1332 626 1333 641 1329 2124 1330 2065 1739 1327
4847340968,1974 658 1768 2048 2046 2108 1778 659 2262 1087
4847341268,1974 659 2048 2046 2108 658 2033 2137 1781 2262
4100090298,360 2050 2377 83 944 666 2378 390 75 59
4100099324,722 219 2092 1320 1398 710 308 2403 99 1264
4100096392,1265 1309 2083 72 888 1022 2065 1264 626 2161
4100099485,1400 1491 1365 1301 680 99 1949 2109 2137 1318
4100102464,1545 1552 1028 1261 1549 1553 1554 1622 291 1556
4100096626,360 2377 2380 83 2379 2050 666 2378 1333 82
4100096719,677 1834 1509 880 678 2169 1352 686 1548 2212
4100103834,2135 132 2091 1739 926 1091 2049 726 681 373
4100096885,681 63 2403 710 2092 2139 2083 722 1739 308
4100099950,726 2293 1918 677 846 638 671 1439 712 1696
4100102902,1796 682 663 1508 1700 687 1744 612 62 578
4100103980,360 2050 390 75 59 888 1333 1879 666 2377
4100102925,663 672 956 686 2169 1623 1508 1796 687 682
4100100066,1768 1087 393 2108 1779 276 659 129 1985 1974
4100103021,651 652 650 649 648 2173 877 2204 1856 1985
4465864334,1918 846 687 684 1796 1508 1795 2125 682 663
4100100106,578 62 1379 1744 2125 65 612 1508 1745 956
4100104127,1700 1796 612 1744 1379 1795 1508 62 578 2125
4100100271,1737 1697 612 613 1379 1796 1700 1738 681 274
4100100278,117 43 1335 1645 44 1263 1791 1316 1957 704
4100107429,1400 1963 2401 1268 2175 847 106 1318 137 1949
4100111493,1020 746 1317 577 1623 2295 846 677 578 1738
4100111542,1028 1261 1646 1549 126 1553 259 1554 1556 942
4100111644,1310 1535 1723 2206 1781 374 2262 1301 347 1572
4100107769,219 1400 1266 2139 1320 292 695 1162 1398 74
4100105771,320 1437 210 1630 1480 1481 1069 2053 1064 1479
4100105795,2071 2070 604 1392 2069 22 1 2393 351 1963
4100107929,1415 1913 1907 1422 1428 1910 246 1903 1963 114
4100111890,1099 2308 1516 1509 1655 2424 1620 643 62 579
4100111895,336 337 340 343 342 335 333 338 2247 815
4169759350,1918 687 2293 2125 684 1737 1439 1795 603 63
4169760431,2184 2117 2380 83 1377 134 2174 82 2265 2226
4169757468,1373 1886 1881 1885 1889 1874 1371 379 2368 1892
4169763504,601 812 1883 1890 1885 2205 1870 1897 379 1889
4169760582,1172 1173 654 1214 1177 1175 2155 1179 2294 653
4169757736,931 1412 1371 832 204 1296 1770 1410 937 833
4169760749,1896 2365 2371 2370 1872 1885 2366 1880 2373 1871
4169757781,823 1774 843 831 821 1704 829 1776 61 1613
4169763813,822 836 61 1776 1769 838 828 936 1775 819
4169759846,1028 1261 1549 1553 291 1555 1646 1552 1554 942
4169763948,2358 2359 1023 1938 1615 1773 1933 1588 136 135
4169759960,61 832 831 1774 931 829 1613 932 936 1776
4169760990,2420 1959 280 2246 646 42 2312 3 2087 2122
4169764101,759 765 764 769 789 776 779 772 751 763
4169764199,786 370 368 1344 1347 109 749 748 788 363
4465864363,172 1711 174 1712 173 675 171 697 583 2174
4169765521,2009 2017 2011 2013 1997 1998 2003 2002 2022 2006
4169768592,1138 1849 1153 1145 1110 1144 1121 1133 1136 1851
4465864413,1425 1712 1711 1424 171 697 693 174 1988 2028
4465864514,329 1174 328 1178 38 326 1536 1858 653 1554
4465864530,2361 2392 286 2371 2082 2366 1944 2372 1882 2363
4465864676,781 775 792 769 759 772 794 780 748 764
4465864689,487 480 1642 481 571 976 449 531 568 566
4465864781,1849 1120 1153 1150 1124 1144 1850 1115 1138 1133
4465864915,507 487 543 466 540 481 561 524 475 512
4465865102,1769 819 823 835 1776 838 839 843 821 61
4465865137,1326 1327 1271 1091 1334 1329 1333 2090 1324 98
4465865173,439 1844 124 128 2038 130 440 634 1840 2261
4465865248,925 325 2300 1057 2299 2305 2298 202 157 2140
4465871365,1035 620 1034 1766 2129 1033 2207 2114 190 1767
4465871385,1039 1038 474 1313 359 1035 158 1033 1192 1558
4465871464,614 1011 359 1558 581 1292 36 1079 2086 1417
4465871488,800 755 753 756 789 779 750 776 765 766
4465871565,1133 1129 1136 1809 1134 1135 1147 1116 1138 1825
4465871601,1773 931 932 937 930 935 832 1409 1410 933
4465871639,1039 1038 474 570 572 2414 530 542 1295 1051
4465871664,1364 1538 1840 1844 1363 1155 1750 1651 1842 1630
4465871676,1626 38 2035 1040 1496 1904 40 438 847 1554
4465871740,130 124 349 2206 125 2035 79 1636 122 2041
4465871856,1033 1034 2207 68 2136 1394 1558 2153 1767 2223
4465871870,1378 2390 598 95 1375 727 1573 2237 1474 1741
4465871913,2219 1072 2224 1853 2227 394 195 60 2387 2225
4465871920,537 1675 1670 1674 1291 1677 550 451 520 457
4465872035,1246 1080 1115 1111 1252 1249 1283 1282 462 975
4465872115,1375 1378 1372 2237 2390 1895 1377 379 1885 1699
4465872243,2087 1260 1951 2386 1399 2307 2316 156 152 35
4465883323,442 361 1567 1930 1929 2419 2207 1927 2153 1240
4465883410,1755 1757 1251 1756 1851 1753 1289 1761 1754 1850
4465883456,1756 1754 1759 754 1761 1763 804 782 1820 776
4465883491,1849 1120 1850 1152 1150 1153 1144 1110 1115 1133
4465883534,773 790 2275 544 803 2407 787 783 48 774
4465883637,2391 1695 1594 134 1471 349 1381 144 1269 742
4465883704,816 847 1040 1443 2025 1513 1318 1414 1267 1268
4465883737,362 2192 2191 2331 889 1246 635 1448 752 987
4465883998,796 787 764 756 789 753 750 775 779 765
4465884078,2126 363 785 110 2191 1108 1446 770 1348 1540
4465884082,1779 2041 2108 1087 1974 2046 2262 2038 1768 2048
4465884297,15 19 18 13 14 1281 313 1285 1354 16
4465893357,2194 973 1115 969 964 1150 1050 493 963 1045
4465893547,176 2299 925 2300 2298 1564 129 1965 1057 1056
4465893572,1045 1050 468 362 1048 961 1253 1295 965 1051
4465893648,1203 2414 2074 314 223 2073 190 1093 2051 2114
4465893649,359 2332 367 1107 317 1767 1039 1109 412 1926
4465893691,1045 1050 1048 1044 961 1047 1049 965 2194 617
4465893704,1294 2281 1291 1295 1385 1107 1445 1184 2199 1349
4465893897,1256 370 368 1344 794 363 856 775 770 365
4465894174,1389 1386 1385 1388 1445 1194 1256 1241 968 1387
4465894249,1459 1678 987 1448 986 1978 990 747 752 998
4465903377,360 2050 2381 98 1367 59 944 1879 1692 909
4465903547,203 900 1339 902 1340 719 899 1338 911 903
4465903708,879 444 1766 1010 875 917 294 650 1657 85
4465903714,1566 617 915 618 1540 1048 791 780 366 365
4465903823,2048 2046 1974 2306 659 2262 123 2108 1781 1365
4847338798,138 1799 178 1635 2118 1547 978 2353 2206 1908
